,Fluid intelligence score,Loneliness,Lack of social support,Age,Sex,Education score,Age completed high school education,Alcohol intake frequency,Alcohol consumption on a typical drinking day,Current tobacco smoking frequency,Past tobacco smoking frequency,Attend sports club or gym,Attend pub or social club,Attend religious group,Attend adult education class,Walking for pleasure,Moderate exercises,Strenuous sports,Sleep duration,Getting up in the morning,Being a morning person,Sleeplessness or insomnia,Heart attack,Angina,Stroke,Hypertension,Diabetes diagnosed by a doctor,Hearing difficulty with background noise,Hearing aid user,Glaucoma,Cataract,Macular degeneration,Miserableness,Fed-up feelings,Mood swings,Worrier_anxious,Nervous feelings,Sensitivity_Hurt feelings,Tense_Highly strung,Suffer from 'nerves',Worry too long after embarrassment,Irritability,Neuroticism score,Happiness,Feelings of nervousness or anxiety,Frequency of friend or family visits,Friendships satisfaction,Family relationship satisfaction,Number of full siblings,Home area population density,Average household income,Paid employment,Retirement,Looking after home or family,Unable to work due to sickness or disability,Unemployment,Doing unpaid or voluntary work,Full or part-time student,Number of vehicles in household,Time spent watching TV,Time spent using computer,Number in household,Physical environment score
Fluid intelligence score,0.396740690303388,0.13133447346391597,0.11564741208275804,-0.25797318679430087,-0.43101480381023727,-0.32104687811113636,-0.1832348814908869,0.28017479360266084,0.14732896207766388,-0.1462105442717851,0.03231300003367652,-0.001499717902771463,-0.07028997326864829,0.07602313874050855,0.014408075836462574,0.2741246688442061,-0.2853995567629543,0.06969010660143854,-0.05063435477386657,0.1636376746489789,0.19409357936886681,-0.02828871109848729,0.052041002970663004,0.02557967693468798,0.16210849101453348,0.03779405848222542,-0.10984054942127804,-0.05145065154999852,0.2596749264346085,0.05568552507362246,0.07877768670889665,0.23544796200675022,0.0673258647572128,0.023077464057113806,0.14645043628765922,0.07836122817431047,-0.101883747974713,0.14501968003710328,0.0085848301817494,-0.09659553628430757,0.1549188599214386,0.19250033087556906,0.1170084967311749,-0.19439704521951268,0.34182685836094917,-0.11322108467083644,-0.09288268466774013,-0.1529921229548276,-0.0561441473692077,-0.29107665214511025,0.34744810181565805,0.1495560539057441,-0.09874899121422565,0.10564560667290185,-0.34104088352800005,0.08514935112045598,0.062079718845291336,0.0014814078614846192,-0.14569565827887834,-0.2651569408939954,0.0014834326239513366,-0.15717789733201884,-0.03302598513846354
Loneliness,0.02393524352370153,0.23146777220308035,0.1595006381543381,0.10117677975397356,0.01453355308302221,-0.3161116806097492,-0.08878992655697854,0.29609622681231457,0.10161695679567492,0.19402073802786257,0.32636332696268905,0.2115884647408249,-0.1011920367792943,-0.12431289051489543,0.03237036545290462,0.031728973989763945,-0.002442942351468952,0.006784089918474886,-0.002590530328999225,-0.06369582540357294,-0.11233415996221334,0.11971172522788143,0.07429734964115639,0.32613923784257803,-0.06786922425508081,-0.07548604050343724,0.22342012003137057,0.23154113971002854,0.07204553418818001,0.2640930660089902,0.04940829874277404,-0.1546387210387432,0.1397681900465547,0.14264461851992064,0.25728510858314046,0.07418249221298724,0.14142066479591356,0.06363528629235383,0.1422087586694602,0.03241557763737028,0.039412765621732446,0.14648476509330152,0.16706733071734967,-0.33738622932593065,0.06613935833321258,-0.388994080817478,-0.25749632239894965,-0.29294328571673417,0.14473372917936625,-0.1371896950898222,0.027972801837509265,0.0044804871589613875,0.0065465079046026905,-0.03279448533956704,0.12160464556706889,0.07560282327289883,-0.023150838485329804,-0.12023767932919734,-0.24230457408249828,-0.13583170478082737,-0.2461195894887497,-0.27616341023207736,-0.050185049000638034
Lack of social support,-0.1107816761006306,-0.09095698666346175,0.05711905839692167,-0.21806717757712657,-0.08244624534314945,0.023677498972970303,0.12508694142927326,-0.13071416740604566,-0.0005318311913475495,-0.15781433314060422,-0.0059033737827466435,-0.007284560408210767,0.026059769612166765,0.10541291826561654,-0.1015361401929098,-0.09407017163475309,0.05843065761601579,0.23282229065465374,0.16492106744161344,-0.043310249702177124,-0.07589482165552802,-0.10563232824143476,-0.03809596597032408,0.13906676790819544,-0.21270421077114351,-0.1569148571153127,-0.03450644456448117,-0.0775457744869037,-0.019509364807989538,0.05816949111363931,-0.03284754333178147,-0.22662719455307134,0.0414552043977235,-0.10266036165583671,-0.007286544906341074,0.04058595060205303,-0.046277490370847676,-0.17977015679353678,-0.07126199172337618,0.06808283521195377,-0.00048372593635475676,0.024928115383370114,-0.04547263267258306,-0.009690817112243004,-0.10823695105148576,-0.03761361679100838,-0.030545671740014328,0.0014784199663151509,0.04435351422495492,0.02089076329015312,-0.157315018651669,0.09020248454344483,-0.09957989551922904,0.10274619162176651,0.006427886781751966,-0.17348498480279037,0.0002383274318664966,0.11941927164961125,0.05786234048244321,0.08829520688881727,-0.11495643267716504,0.13738213223922235,-0.17568407933353525
Age,-0.11493645588299263,-0.03516380571662498,-0.05317672929303867,-0.16888632592982922,0.011045436756955204,-0.09809796150393209,-0.06904267418927844,-0.07915626725744956,-0.17616883475998754,-0.099140869524698,-0.07185511051854429,-0.026407012690906374,-0.14398577248500372,0.2879227018980747,-0.04383154076231123,-0.10875307250818407,-0.044758344228459764,0.06895198710706492,0.24230639837848042,-0.3754937859036966,-0.04267766662668768,-0.2951058001702212,-0.02592012124105477,0.21509773789285644,0.035465046510910085,-0.01098887222739994,0.006062432055001392,-0.1013494375024786,-0.06277945885572754,0.06959062285473855,-0.03748459477178205,-0.23776743360409427,0.10904320337203051,-0.17602331739703664,-0.012893701025802748,0.03903241144101961,0.4707171034277198,0.17076226307480943,0.25692438014191826,0.13579438126580204,0.15047720239947301,0.05662967819587559,0.010040622979840551,-0.04830433505492403,-0.027267246136339393,-0.09778788719043403,-0.054594903409132235,-0.07825751107485146,-0.18599056371632197,0.043269975306995126,0.020665837709579193,-0.04187618715130621,-0.06949261335967875,0.11981878539048658,0.14337519566262807,0.06811738361680954,-0.14274954568035347,-0.08264184063984274,0.03691749995926177,-0.22784846075073745,-0.14140220932860906,-0.08595027519408703,-0.09898015999696316
Sex,-0.18916552752740476,0.15361556948080246,0.2038890508048396,0.050010677377035934,-0.280188793020998,0.08371032824199519,0.2222230521274053,-0.22371239008557528,-0.21297267163438655,-0.15189180925668858,-0.24857640944033552,-0.2751162897840871,0.1831116294588613,0.1691598655952208,-0.07639782139148621,-0.19419433590299112,0.10049542361688676,-0.024039964393163544,-0.13336133404700798,-0.00931016808004168,0.012693893283620002,0.16117468587422784,0.07258607419902566,-0.021023217500534333,0.025253819723669226,-0.06994550197607909,-0.04139740440767905,-0.07925184532423565,-0.2031851076708542,0.07954633345715807,0.029814769796899745,-0.08974172025263903,0.07759720536042701,0.02627540319564818,-0.11485977405427417,0.16745746335923223,-0.0666551172373346,0.0889060613651832,0.05063442808229618,-0.06060078485365037,0.07315940613279007,-0.006090301262096871,0.022208844510536247,0.09751954563878171,-0.10080705718435101,0.1779220088246575,0.11890046188956757,0.079968306323027,0.031265377500470336,0.13537057352910978,-0.30389645905926804,0.12368287452761588,-0.10610761759508476,-0.07030227462341851,0.07982129398162288,-0.21940213204599246,0.11126162753234731,-0.14172705253963547,-0.016573592533130954,0.17311051734402558,-0.05829388005003844,-0.0038772848982935875,0.0718159900272459
Education score,-0.02145919569568509,-0.0903748580042277,0.00938905334761029,-0.09026234650859817,0.017768459934060277,0.3618542576106566,0.2785410475934277,-0.2802533613949667,-0.00124838777863438,0.09407276828493519,-0.0885969771509797,0.06630180044668813,0.05067142483309447,-0.1584028144289453,-0.1187439932049045,-0.1950280870121296,0.32646529174739963,0.08766420087779607,-0.1294145563792356,0.4115045478798871,0.21994562871193254,-0.017844449190376203,-0.22100959227080053,-0.11221514837273928,-0.3396015633880796,-0.19310661551271377,-0.09417053447736655,-0.07570247240905557,-0.10183271193153313,-0.3011146247004639,-0.0567607727626695,0.15262482169741398,-0.1267288130177692,-0.022577063241717665,-0.23284510484252136,-0.20380679636190188,-0.1782888366195264,-0.21158877126392733,-0.12094009604905423,-0.05436845089836229,-0.22827932458388342,-0.1602982120572081,-0.1207997473665454,0.2736718381682163,0.06335024280619317,0.280301417506374,0.16509079515766037,0.2120604504074389,0.15780608664549362,0.08057693132642216,-0.18778598169391952,0.17358826199257302,-0.2487984236898788,-0.00301118354702736,0.09995739513051981,0.06686284130015639,-0.13960550388763726,0.12827672414693747,0.20527430769134705,0.46988117565569676,-0.22122146319977912,0.17359525843386092,0.1265959916999209
Age completed high school education,0.03338537422053071,0.12030587382574409,0.01683231687112895,-0.34140243427232897,-0.07541907193228484,0.2872291415413043,0.29659352973997105,-0.08628578686497856,0.10491838961817593,-0.02690690888206045,0.21158630401846512,0.04133983694588594,0.07430486274874484,-0.31429574655206854,-0.19255988593280757,-0.07407134500162231,0.2252516829548309,-0.03426494017746387,-0.16384649323994968,0.30476786068708245,0.18972307235583583,0.05235136806640151,-0.22266917937984654,0.10086557528029845,-0.30055708191186453,-0.2082240646132855,-0.2220509475266429,-0.18763581544082814,0.09385356523501166,-0.10089364804334756,0.11315541599960963,0.18529386272622045,-0.0012869948106574841,0.22958267892791764,0.092805200625497,-0.08640225750390303,-0.22330314026833137,-0.14495850674246888,-0.20776777748911207,0.055504421955704146,-0.30491363176059977,-0.1835910759340985,0.04345838433447776,0.20058581396225153,0.0986341248589325,0.08495353171615971,0.17590581398583446,0.1906074516939514,0.253366249393807,-0.029568089522378303,-0.1271739316812447,0.2046910936401742,-0.2501903142567215,0.15752022818012945,-0.044363144764571066,0.03058738075812312,-0.17283943564511606,0.16151926381416312,0.21984483332390434,0.3807792916925279,-0.06383097008699813,0.35469987351189075,-0.12310181048791737
Alcohol intake frequency,0.020421561256075204,-0.04671190230063618,0.11806077592949106,0.17460430982806185,0.005140230159506138,-0.20688160921664128,-0.0891878792749007,0.5127417067311838,0.3938952971683069,0.17131837644403708,0.2662364122680071,0.030287582431901428,0.2765500981445487,0.012897677645992471,-0.2204550531014861,0.10330042370678806,-0.2850316172438034,0.2487571811554696,0.11407156420098374,0.09794962399986104,0.011087763501607709,-0.055988990028230025,-0.09614927618453331,-0.04258607554216405,0.19416273254555372,0.2752093285995793,0.19876620897469685,0.07903093671516132,0.35036112581375206,0.06097148751516915,-0.2225299738072864,-0.18326964688289984,-0.0601295014913772,-0.10391850959246905,0.13232879562131894,-0.15382021622279524,-0.14726183459069844,0.004344876580586715,-0.03681865764728119,-0.08109868627053067,0.046666183674069606,0.039707466586172926,-0.14147382419207194,-0.3315769310220689,0.04507423376892937,-0.16004754007606797,-0.33241699524211604,-0.4197096934539488,-0.10302837031692325,0.0009188458422994775,0.051812166303628206,-0.11471037352230545,0.17258798886814508,-0.031852432836418594,0.02581182322275284,-0.18474309813650813,-0.014164114706099767,0.010631143479019672,-0.17096570667984823,-0.22958333712603102,0.18610946581553545,-0.32681468642925005,-0.120066671775934
Alcohol consumption on a typical drinking day,0.1724766914051386,-0.004139830807571128,0.10703594066572383,0.06018051088402314,-0.19425971868643338,-0.11246083860864368,-0.14540088083049246,0.2960614627987315,0.3707135180283187,0.09224997116259295,0.20294463523343004,0.2547501955268251,0.00017906033128924518,-0.17112424086376538,-0.05761247626315715,0.2541501377659376,-0.11396042713271962,0.11412457190238373,0.05859370634069454,0.2187645814315012,0.035736225667419366,-0.042360807643236235,-0.18988590797503874,-0.09434080022346014,0.032233853892887625,0.1505734533841937,-0.15551407887456878,-0.4037677376928269,0.34793571628601977,-0.15999518281303926,-0.03904338911918366,-0.08276231951977742,-0.07946258698342723,-0.04854219636983169,-0.044581866019374486,0.006806847265569458,-0.15757364348146236,-0.17776719547090133,-0.17405609629883548,-0.1976782182165981,-0.21293215544082097,0.00135456061414553,-0.10084221768017096,-0.306808507943694,0.0400023025577144,0.04865458779270343,-0.29233799393630094,-0.3179311661047474,-0.055281241843093964,-0.05077225428629144,0.21799619925598265,-0.06083625804522196,0.10971016214133067,0.04059323510002521,-0.026776955072228537,-0.22144464641108103,-0.009088913824870426,0.1089720816684333,0.008400686758355003,-0.0629342540965729,-0.13565383753201546,-0.15688942970340333,-0.04350117531666559
Current tobacco smoking frequency,-0.006331088952022041,0.009593201239233358,0.046212244187787445,0.12240691087458211,-0.022604544126612402,0.109420249865042,0.02506178525638705,0.17239169803148188,0.13908630833375718,0.29199669424919494,0.11651661539873386,0.1159217304105049,0.12171308997342742,-0.2743607657302612,-0.12193191030219137,-0.02067583828130386,0.06892648648749061,0.02911141591264517,-0.22623749701710402,0.17588761639809622,0.17425018122970806,0.24780902989993905,-0.11510536699760167,-0.02162734294941917,0.1503439811925805,0.09286180909707377,-0.018806989706638407,0.16379523295636955,0.03004342927282616,-0.10778648648820771,-0.09607920482263113,0.07140919237193605,0.08428473170598598,0.28429074256988507,0.13269681583918672,0.03971911402800098,-0.31251063525056677,-0.08582427433419272,-0.15034529445103156,-0.10401154125377962,-0.09289344644772271,-0.12764417098417086,-0.10834138431806949,-0.07918509415211128,-0.002957853318425289,0.0909799941033189,-0.06487127920521882,-0.06933851418650805,0.2888836046570055,0.10876711769149447,-0.022070325148406095,-0.060458456199548316,-0.02009988083931307,0.06442797458965038,0.1904080789756989,0.038574989180301375,0.2441393156548346,0.10311024239940315,-0.10885937482325182,0.17399629114176798,0.13151373862673998,-0.038369554756550794,0.1540286226935357
Past tobacco smoking frequency,0.11283371300867726,0.15833324983774208,0.09066517472693723,-0.03257485261142638,-0.02993273810663057,-0.11739545935942552,-0.013499690997762305,0.3403421910160026,0.21369386335645904,0.19200916327660905,0.17820613281978331,0.05599957623934871,0.06503698609978188,-0.09346358164612109,-0.2023107304071115,0.009514049904947273,-0.06855160013905551,0.028787354930381842,-0.0843938296120435,0.0965080661328605,0.03161948157809287,0.056861856684560765,0.20582463013962257,-0.19556513789936997,0.2521902133261445,0.19999228907460356,0.08460041422971598,-0.06671062507019236,0.18080930468672043,0.08593365492721329,-0.1684173380912106,0.05464965099910419,0.10283325443072719,0.09877802471343249,0.27018262399590814,0.020318803104675157,-0.045833000776218685,0.2633859031375069,0.23754781603919742,-0.058769831842432785,0.08534631776739546,0.22104358531549004,0.1421079354727075,-0.2987833657585796,0.3310329321914291,-0.2407364050532969,-0.28322086693200355,-0.3483537638933662,-0.06240430664360023,0.08938682198304113,0.1270044049576438,0.03439108568269181,-0.03656452480393925,-0.17442262433851713,0.11404634528978604,0.001177785896634584,0.07283158246372579,-0.024421885964952247,-0.24391731441486875,-0.11339093768514863,0.2493116596901133,-0.2285175148216366,-0.18790480357477252
Attend sports club or gym,0.017059162000766362,-0.048001047741329995,0.1007156431393756,0.11800996811112667,-0.05551935475811461,-0.11840608186014387,-0.1001297910317226,0.2708418571927476,0.2961561092401608,0.22520100438437018,0.34434075023676175,0.11622279109386319,0.18799478786326912,-0.043397768881182304,-0.19610745105091543,0.20160692842924097,-0.3936763459090581,0.24631094124850086,0.2209996617943945,-0.0007569173347506336,-0.17869300416828274,-0.005932997702334953,0.014655391340046361,0.010235074507636617,0.0018181063736619043,0.19544266504923574,0.13304993480755004,0.06226578194470919,0.2390485174269493,-0.12168649859516889,-0.28278730964113924,-0.11056557153654836,0.02303704700591206,-0.20350459626443346,0.027103218759691867,-0.15022233860660916,-0.011734073268080777,-0.056773578937711316,-0.07097629631512346,0.028047118517910096,-0.11318287786048291,-0.031629558447873726,-0.10299066267297109,-0.22697925059880839,0.041564863879781956,-0.11758584986928054,-0.23056919673918086,-0.2450960872706812,0.07324426871954028,0.10393553976241848,0.07585014163668244,-0.12898312676540113,0.18527101025465517,-0.08304118685879829,0.12313098571395369,-0.17945417454058046,-0.23323484471698686,0.08605203602242072,0.001336390253973035,-0.1850701581575166,-0.021012958327537707,-0.25441249202041094,-0.2127164702482768
Attend pub or social club,-0.0797757316846399,0.009335060488438348,0.006849497581840928,0.06170294746862402,0.07621863140531655,0.07839099534824544,0.13236859380319468,-0.13745264209324684,-0.07262225783363647,0.21575912542166847,-0.07443976032242926,-0.2201793565223381,0.20193294576355234,0.1378238000289246,-0.15918627269927943,-0.2063767182122736,0.17242247345609893,-0.15538140687409355,-0.1617954989384842,0.024571101267220983,-0.0016260024188883494,0.13741218294989654,0.13496820796536124,-0.1700727956615526,0.09224171431030437,-0.057029903415145466,0.06869403482307089,-0.09841589473283816,-0.1927923013284428,0.10308250781619924,-0.03740777126418459,-0.051334943242759605,0.12366885225563004,0.16765601358546006,0.09595651505227289,0.1652292921318163,-0.0430466060426195,-0.023571598048856134,-0.09745237278306676,0.04635241468800131,-0.003515629027345899,-0.023703376485512254,0.058374850416924084,0.07013663858738954,-0.01071866198957366,0.1363204550650017,0.0720359217369408,0.09088002987720513,0.14206806312806958,0.2731635183453773,-0.33526384483112454,0.03504408504586607,-0.101289334907301,-0.2835952040538611,0.2141808787044602,0.0721854269604115,0.3091106813954206,0.137895056984858,-0.2262984119908316,0.20666625276440947,-0.039158368982275364,-0.05995247107363048,0.05380230990722278
Attend religious group,0.1725421175968622,-0.0888050859655463,0.009406328526282844,-0.21944635252722078,-0.09055551208310536,-0.26366269191285713,-0.19908964659159234,-0.1751433230767295,-0.26085741330622403,-0.18129285031761436,-0.2238314295879733,-0.2149347573424348,-0.12246347609274681,0.30346579493865955,0.15485668472966216,-0.06466941738600195,-0.03817114224679459,-0.010718793316836965,-0.13861744817834523,-0.2603001184187061,-0.05928616297751347,-0.21397499509681941,0.032624222843088295,-0.027612925730063638,-0.03984990724058875,-0.27366621964082843,-0.08370033134512332,0.10878178943872033,-0.12932895325093094,-0.03014224660707894,-0.03175575971362918,0.10407763330452043,0.022073057191523665,-0.1084180697607377,-0.015254671720820704,0.21263170188829975,0.19043673739783465,0.097438400195993,0.0785844266447531,0.16902163047065066,0.08327108469745677,0.215310257733318,0.08905108689031864,0.02958533809328821,0.064025619045209,-0.09301069511987443,0.04203630843706826,0.07573649720308515,-0.06635355646303327,-0.22007879713567333,0.13813920877757513,0.10667083512581797,-0.17175726944858447,0.07910927808464681,-0.1758946635279572,0.2786183239527144,0.0013319815644043174,0.024386982594430853,0.16576016459323498,-0.21754172762469165,0.007920795316119014,0.324850786744327,0.1122126398400455
Attend adult education class,0.012843783332791141,0.2963133154124687,0.31077881683461517,0.022311648592974145,-0.06826884982327176,0.1378150060915738,0.06568801445904916,0.026971301772517164,-0.003331595364353707,0.13219802551593604,-0.1062162035126239,0.14038532923735741,-0.1157266502340264,-0.006585250445888105,0.0744559539867715,-0.10196590974734222,-0.0046712345980757805,0.09790269837462193,0.1115797341031289,0.0824373374393572,0.15615799751161452,0.04669130679156462,-0.22207375028060905,0.13070144364159533,0.12386627551485825,-0.04894010318191042,0.05128394914625461,-0.08663914946222429,-0.13632815253102576,0.2138911173965569,0.1344085485669842,0.14284315125158759,0.02391309614301618,0.07024461659202424,0.05142510627299421,0.1596986146991168,0.14903264120673076,0.011536783870613406,-0.04583340352789176,0.00775849930488073,0.12305523040685257,0.08329784711109726,0.046123437198060904,0.022528828880081505,-0.014852588046264402,-0.009848803724965573,0.024566103897785026,0.027343646919543434,-0.03643244457961387,-0.019055779865242668,-0.05934154499748658,0.07733152553584974,-0.1095557777347129,0.061371679442010746,0.10587057184033355,-0.042299249933866856,-0.06744828812621367,0.03821316146996272,-0.05122442608439213,0.09169661223472254,-0.1402674431828626,-0.251414756544544,0.07589779473754467
Walking for pleasure,0.30255817551351855,-0.010416638675247851,-0.14084083826944496,-0.11621190864346687,-0.2837141174466443,-0.3528176860694255,-0.17745922898212316,0.1138339370710758,-0.07518160830476311,-0.15271648271260788,-0.09928550381275769,-0.15031895648197052,0.0008908118174699211,0.17677766463146416,0.19207741701635717,0.25865423346928196,-0.31419761295617243,-0.11955945755421975,-0.10926682439141225,-0.011725387308322907,0.17916239489974894,0.11283610408525636,0.1596979845795604,0.11917454996998217,0.013106210684739713,-0.10796220996100728,-0.02785925894189474,0.10770431641058828,-0.12122018333841593,0.0449193321113258,-0.02803391326683858,-0.19428910667277216,0.017126767826842394,0.037379559135554005,0.027106859448014275,0.15415238383117455,0.08763383979790523,0.13762291434008825,0.14114634984952432,0.16060188629972036,0.2815120934242178,0.20697563209097875,0.32135530459394684,0.18155207730922335,0.28625000626292824,0.2674599803622687,0.25009771691996535,0.1572290536547055,-0.10660913503395755,-0.2161955664451483,0.34558092629409803,0.18770579553363395,-0.05914111828432121,-0.06326316395646754,-0.1500004299098134,-0.03578592980006618,0.09832357725943988,-0.1704284600562136,0.2060436366314944,-0.2916334432986998,-0.08349668728354653,-0.07155752296790262,0.09214434872084112
Moderate exercises,-0.12760622420753634,0.008760780192468778,0.06680713382203561,0.05923159345068198,0.10970682822582224,0.12274119849986734,0.08783420018474686,0.1138640617205355,0.2641646251476449,0.06765587907093203,0.1439093518575626,0.3523797864442493,0.13321757241230567,-0.2887817993231599,-0.06302852047340024,-0.1554780369098431,0.18535246530688035,0.18600659489195098,0.13735606150814936,0.07461739525717338,-0.1384095072214719,-0.09898276455291827,-0.1700620009496632,-0.08858917204728789,0.13577333856199084,0.16057586042502178,-0.06121317667208646,-0.2243509033322006,0.28440284243007613,-0.03956658437839924,-0.18645626467423423,0.18802551414940005,0.033259372362412935,-0.043671091289529326,0.09484676961896252,-0.16897945403074818,0.031938613713880556,-0.09899164741166774,-0.09630173361048837,-0.1781003838450688,-0.20656750970671992,-0.13793080160579027,-0.23735144931614915,-0.24639837081444457,-0.07577114704632956,-0.14152950444167656,-0.30401925602177754,-0.27167230839536716,-0.04014030834964564,0.13205298776263102,-0.02007467461936996,-0.06233129879331462,0.013531778826601183,0.1268156529471266,-0.10370531268165775,-0.040028161343009475,-0.012019371300651909,0.28811042044313456,-0.09806325332045308,0.041927609668513124,-0.16496351930083733,-0.041380650625076856,-0.18524313292764058
Strenuous sports,-0.04789368660569445,0.1916205085339648,0.12157828990912938,-0.07211065063311124,-0.07165551445386008,-0.0434866283119506,-0.018615630289265245,-0.020192880012845797,-0.1255225817952816,0.1811308410336121,-0.10777813825882246,-0.15928268999212034,0.09017636578862785,0.3341982098300689,-0.1290574058675883,-0.01291185991889265,-0.007781452500936752,-0.1783554906594394,-0.2773375414704694,-0.16522079425856998,0.03467927958431103,0.13387246893510843,-0.1740842569134614,0.13949084238482326,0.179685334305351,-0.060008816918370456,0.12971524611885157,0.006472933918396832,-0.008348154362137204,0.05846811370337461,0.11453580914225,-0.07650599117136113,0.20603890521493726,0.06566981358998243,0.14623510447522758,0.42104025182736415,0.27183493976640855,0.19069502905980934,0.1398695476860617,0.11783385316648508,0.14288804765022503,0.1914137860579499,0.3213931709305339,-0.21580641700769632,-0.08826868982070823,0.12034140050140335,-0.20051752809902712,-0.19411281961289345,0.11883511159075821,0.1778962574977892,-0.10265294450231184,0.14119187169509792,-0.07701696440705558,-0.05977811387471122,0.16694183868714718,-0.12934044552982288,-0.19599597819633788,-0.06247014177632349,-0.026497142755440337,-0.05480878146536544,0.1951913614906488,-0.07419318728284964,0.21647672808622118
Sleep duration,-0.0810123199566795,-0.06360458745828593,0.10557678572237934,0.08164703693767733,-0.012709741529595812,-0.01615242430110594,-0.20867228556588538,0.010691862313426153,0.07160342181413824,0.059896204018159885,-0.13094263615440938,-0.0857188880159926,0.07980849164093977,0.17331365435335286,0.03375157371188595,0.1412616960093775,-0.15604322680267574,-0.09119059975445859,0.3244608791945565,-0.01907831378754078,-0.04864438185783185,-0.10372722770980647,-0.03485353767028573,0.0005388676290143498,0.2741459072098104,0.30614208260692594,0.09861304975235945,-0.04124372967013169,0.07722938680134879,-0.17744558611425515,0.01743676038375027,-0.09274408513746345,-0.08080071231679233,-0.10058588399027264,-0.017340522093064564,-0.12086150932880826,0.1600627654330414,0.05477299754386554,0.07659548611787884,0.11930362757012285,-0.0029578210428345118,-0.005744253691124366,0.02207817864182822,-0.09521222757959585,-0.10869662786597777,-0.013475650887146291,-0.14060581105171766,-0.13635305496377356,-0.2677706508915492,0.16424744398293617,0.07938855849506589,-0.2376200677325067,0.26650517582698724,-0.012703846206999483,0.12793575200976326,-0.2598206982485409,-0.1375919209549716,0.07184612949843382,-0.10140205440906429,-0.01460793662709655,-0.0010285916765066635,-0.2148727090297625,0.17621893535911007
Getting up in the morning,-0.10926770579249605,0.11066194454197183,0.04458593612633279,-0.20375162231522606,-0.22687180257047818,0.13530466701784838,0.14559411116542004,-0.10442759873923477,0.017069272896714432,-0.051420586401527794,-0.049239907177214076,0.036075911538785144,0.004409677808590637,-0.017829132722093043,-0.03748337433388074,-0.13061934985331658,0.11502216057603279,0.09861044861119299,-0.25278939378576487,0.08718383906572806,0.11164382865736157,0.18246259590273353,-0.015233679307353906,-0.006612957891901237,0.045124786324810935,-0.16489609395737914,-0.11522566715690882,-0.04390114436844863,-0.08267571881092606,0.06513376165324687,-0.17676944939554293,0.023758805893429373,0.042222078989150445,0.188793756137981,0.0781246516476968,0.3732638105693123,0.057895950225633146,-0.06499184551863034,-0.08656956817253462,0.25823162318189824,-0.08079076421851805,0.07585835932029039,0.09732725368921702,0.11323362741709578,-0.12224912087725516,0.14610867233403824,0.14352774891061615,0.12899766899892015,0.13499238001611846,0.10267183906796537,-0.06326267826503487,0.12258028308817664,-0.19768766827448633,-0.16013141714588555,0.07546577589865071,0.09595562025797172,0.21331749647705744,0.24273674044783664,0.03432189668595568,0.1586440382251182,-0.0827885388114206,-0.05761767131925017,0.18478425710206675
Being a morning person,0.01026893250531896,0.013122590841704434,0.24520356389868578,-0.18692855604197145,-0.10041532375004229,-0.07638676027060377,-0.09538117856165036,0.0004207674623503796,0.05522985359815039,-0.051869867927724495,-0.22811410769993512,-0.00378609934061765,0.06022624620528728,0.12568730771519784,0.11043575278929027,-0.16617552145495662,0.1109226983333834,0.027421285909955243,-0.11064260681079276,-0.32601687494806686,-0.0614093859314927,-0.047421056671592327,-0.017867802340770095,0.19538041695372105,-0.08166913146898544,-0.07613120770854431,0.1514937754422776,0.1319674103739192,-0.1970208461041794,-0.01842362651850738,0.1081586297229834,-0.03250971534677417,0.10639075636768741,0.005939750908074156,0.05568102564448016,0.0887464671424772,0.18742135724516332,0.1872099287309139,0.21088220154340778,0.36501432564913466,-0.08860384512562589,0.21429566620609528,0.025621408985008882,0.02760930759405272,0.018853771442432103,-0.09780297880542176,0.08173638223893191,0.034991230387831404,0.11909342390791969,0.0353662801232792,0.07461396910599755,-0.009392444307164417,-0.022628521322139352,-0.09499279981869643,0.0636753259526578,0.020223160773842522,-0.08501921662972176,0.027642462892570135,0.1461634976443103,0.06258482676474264,0.3430935536020663,0.12439837353105004,0.025925193446195295
Sleeplessness or insomnia,-0.07641871598852823,-0.08153395981558834,-0.14625232156788484,-0.005391975223982015,0.32957111784214926,-0.013457931301018515,-0.03138870881682707,0.12745704157801574,0.10448790624413848,0.12901209511425124,0.2284278702746673,0.2756273472369934,-0.13558224954484277,-0.37367496720169313,-0.08975193494285341,-0.19264174460114059,0.2194216500029422,0.06747773620605198,0.007293671033348954,-0.06891848480587068,0.0531232427166266,0.0008813215823527493,0.07622962945411067,-0.05406189062953429,-0.18561339078180486,0.04551767904107635,-0.08287058278301804,-0.09090078531652777,-0.01052079822736718,0.1523072271367327,-0.07801830666218577,-0.01651812100884083,-0.09422900914302286,-0.13694972401001768,0.0170357079614152,-0.09346802367406613,-0.012453839375610953,-0.042101727121104895,-0.0837295094590763,0.06736848592406215,-0.23108169248630372,-0.04510827236237442,-0.013749343042553994,0.03267842001222791,-0.07738562113575712,-0.12387322876515783,0.09393387983071759,0.06554590300305102,-0.01927387380603488,0.005070506046056309,-0.026950554910582396,-0.17018736024091677,0.2491085109472514,-0.25102173347330153,0.11321738562573759,-0.11016336472850262,0.05582158655426687,0.038580353386716115,0.11782875085238577,0.029474422602176562,-0.08595493583539385,-0.07787144856339133,-0.13271112927979287
Heart attack,-0.059979215289912194,0.059294359497043356,-0.1899691469174615,0.010863763791690998,-0.0338946799004873,-0.02515941269959013,-0.18991116076434064,0.13002768460564765,0.010431460804294149,0.08564407863761582,0.18504327005213145,0.013532378202419554,-0.06312582888477683,0.09766211547779083,0.07727163742596878,0.03816527374679146,-0.008826686761291837,-0.07913517657337935,0.18297681577018543,-0.18063471251696564,-0.05017276924207694,0.11068816214204215,0.03152214741052142,-0.03904340689066852,0.08701224225958183,0.2229869026192057,0.16181835269974823,0.030500215131962282,0.14389834810446703,-0.18023621805512346,-0.09445118408242101,-0.10182820179511334,-0.017524955632747346,0.08381841053365219,0.1617751280069685,-0.08999842520712806,0.03810515459766877,0.14033931080937154,0.07728234649146659,-0.2250487615385394,0.05766029932663661,0.10491991763205295,-0.02848133379744844,-0.17411075169537443,0.06799267000054805,0.02025845194724575,-0.21009443258558083,-0.1488245599391959,-0.0922956130267325,-0.11072783014049174,0.07363233198604248,-0.35043606489277135,0.19322792357335447,0.11498484251388594,0.1637891298349506,0.21624691058397189,0.011385199180637864,0.058480391994367706,-0.23307249930971918,-0.14635258816340843,0.12032657793818838,-0.13378717535028206,-0.12450629713977207
Angina,0.021723009807432525,0.09170205127428897,-0.004728495533869442,-0.030487335002317113,0.271258987814382,-0.0079015309633107,0.08441740178516198,0.27311942002463957,0.23572238475037366,0.28968053024949386,0.19691910479238894,0.43555836245188645,0.07937184760400519,-0.38796057051206784,-0.15988698165694462,-0.2445029914766865,0.1228145723143254,-0.07931222188296097,0.1007206302105387,-0.1321071959397511,0.018090178297286052,-0.08183954598986581,0.05050547779770547,0.16139493440710745,-0.09900451133762757,0.17185460786685725,0.12973879445453718,-0.08263237502209593,0.1407493766576961,0.1442505510622318,0.028109694492545422,-0.02689036370848407,0.13759128196176104,-0.02333484323863443,0.0013098652191957073,-0.04582421853535912,0.05270506477938249,-0.030218342922177743,0.13611414469814928,-0.12516808735761734,-0.01293068048417537,-0.016514352365954544,-0.04874740602891769,-0.19004940768369305,-0.028317933700350392,0.018788914188239768,-0.14196309674048405,-0.1837738063512309,-0.0038797112696526033,0.20573852349490956,-0.03476052952726017,-0.07063701735370448,0.0607871970313843,-0.1568830020430957,0.3149027747577177,-0.07340880870518612,-0.129919840514886,0.06051712555680441,0.0004625780965619556,0.09203556833995717,0.11511801141696816,-0.15915805811619688,-0.25855567200532714
Stroke,-0.36332532717049093,0.23928831231940337,0.4786470945038666,-0.05470841573635096,0.26116279706067735,0.11610481492874182,-0.03910553545728976,0.14425865663105922,-0.02550633152277849,0.3071312018202057,-0.07929135299351553,0.05769143677203591,0.09860088923385481,0.0372838222361716,-0.23808978673897044,-0.324043012350981,0.2812435959382327,-0.03108206677070843,-0.10520687077661937,0.02647032438566179,-0.09384462466541428,-0.0863821914135991,-0.03764996424436524,-0.008291239730241673,0.17866250360652797,0.3190749482605154,0.358856992532302,0.23866321660309267,0.2129953296045369,0.12095746937522339,-0.07506180667023568,0.39348054128673216,-0.10974131145461978,0.046556902166934123,0.16229963408098624,-0.27799738530932233,-0.010343180299997156,0.021097277861463853,0.02380789374155522,-0.09028234617416872,-0.01961263526336336,0.041973787255109876,0.020424956088724824,-0.31345646736366795,-0.025451088302484194,-0.39741217837873644,-0.26606736958817934,-0.26501307915587075,-0.10048366285599698,0.27052294389342946,-0.2078884908975896,0.1006069142169459,-0.1619288368825307,-0.07044541676030866,0.13658019700611287,0.0054384418217786725,0.0076460483584121055,0.0035710347119878422,-0.30499352788280726,-0.03976243163615918,0.10695990012470423,-0.25556737077407893,-0.09379790040824901
Hypertension,0.14530430413990122,-0.17076549343044473,0.17794946166311362,0.0549747269730034,0.06308678763040618,0.13297658965872206,0.0005113007748866559,-0.07850541334974868,-0.11443746912248651,-0.0491999396757165,-0.08638574268355002,-0.1511105662842989,0.15968878796913355,0.05354181177380916,0.015555686154294177,-0.04381452098848878,-0.015545614558591561,0.08239837668075156,0.19279857643631168,0.06126359217912299,-0.09568340750523427,-0.08626437692318945,0.11882511700392448,0.01863265316207179,0.18045054086692738,0.4157739474453858,0.2053667108941538,-0.03631922900214173,0.038982308855421303,-0.13976738274505904,0.04331526865502908,0.21483281810221627,-0.2679002613355016,-0.26277112746008835,-0.11684181234818444,-0.08323279298770413,-0.021984145438321244,0.010109100104192902,0.02600459156928464,0.17921069399218287,0.04979929464694818,-0.20093016300430805,0.018207402607301332,0.006524664085247874,-0.1805750350977508,-0.003941148626894336,-0.029902752869772387,-0.00439273362210187,-0.1868757380273995,-0.09859111894752465,0.015079009509849908,-0.08425317792315408,0.11749233054826481,0.08717026975189109,-0.010698545068843227,-0.20097888437050307,0.07661062023593694,-0.09937289822965777,0.07547718373320433,-0.030406256446768472,0.05304816602288282,-0.08936873514676588,-0.21194769278898462
Diabetes diagnosed by a doctor,0.08455011764798194,-0.23433468712872826,0.0609042853632074,0.22038450683888075,0.3330208241022837,-0.3740117750417972,-0.2982965628410237,0.40241201274548744,0.16497608790248094,0.21045798057078866,0.17998399080517116,0.03254749181767647,0.19934312243984914,0.1670705636686952,0.11883570260689953,-0.15193139274167425,-0.02565594596415975,0.1398527211299354,0.2503317677591684,-0.3238654824719466,-0.1700730195618026,-0.1629037115578003,-0.03168258490394295,0.0881494875982129,0.11374499200002908,0.3638770331594244,0.4797358686520393,0.2519526002793755,0.2541253166436631,0.014792636559685378,-0.15240329586299056,-0.13617248023480952,-0.30104374226327196,-0.25871007225205334,-0.0722735789015231,-0.3512612917019402,0.10259626074438492,0.02982593431977168,0.009310851786693058,0.12070369666709141,0.12278269460345606,-0.08249325112788619,-0.19372240770244836,-0.30713807001638666,-0.12199117400331033,-0.37103850492247836,-0.3693626394591676,-0.3959328837357232,-0.2759744625521991,-0.12090625211546226,0.12897692134326605,-0.1512725619846083,0.09441766529435126,-0.1453087095808647,0.20132130650421023,0.023895687529200706,-0.023095589210142854,-0.03405892370684705,-0.08263697583950588,-0.47654724311960966,0.14777422855408182,-0.39970751208099237,-0.05943235691451523
Hearing difficulty with background noise,0.07591627923219296,-0.059743645243226125,-0.284496438121228,-0.12525291378669995,-0.13607848531751035,-0.012990590730609252,-0.03512188809300402,-0.011805207882444203,-0.058631387110127844,-0.31286293139634336,-0.18924598062362863,-0.020524943561776525,-0.25847217680578727,0.1515039501297541,0.13560110179561333,0.0998330857055275,0.06631448511141325,-0.0760059765283086,-0.100215923978485,-0.040656130874348606,0.1554266799715366,-0.02837035169407351,-0.09663508958801613,0.0403755423599163,0.012434229121990454,-0.03660296915907582,-0.1712393257114119,-0.24205628662478149,-0.08639535491599175,0.20488860080997623,0.1886442754982757,-0.15724483942217946,0.01755046434575697,-0.012981204705471115,0.040620541362818514,0.14775301192996806,0.263852261242203,0.24298508547893455,0.26517743758759066,0.06686575772150756,0.24783337268139263,0.13108111934171196,0.14623305830004096,0.08621997276880874,0.09726028219807707,0.007506155614558132,0.07623263829152958,0.012608586470357182,-0.2743426815086808,-0.23020466581178967,0.3569238292204131,0.10638551855503207,-0.10966367602414126,0.07502104398491642,-0.17539711358751786,0.04031320191027989,0.13579839700198987,0.006325814884906314,0.047443922476352436,-0.12437078572209105,0.15860488026064876,0.10727023172494547,-0.011513354171628295
Hearing aid user,-0.12070262340938381,0.19248081565944136,0.2115805877579467,0.0345482640542062,0.33180419759657265,-0.057821472428200224,-0.0810204750357614,0.1399006132722365,-0.08042480410892573,0.42390194206712667,0.2295929788088654,0.029489190353915864,0.06535695046490951,-0.03984576136866592,-0.1830436299239296,-0.31048821254579695,0.11651869793432795,0.20282087994137177,0.0765171661056221,-0.06175434987797934,-0.1666812352734304,0.0942804582952346,0.11026706077096965,0.03971157938615601,0.024737316965961032,0.2319591156944005,0.3956242187891771,0.2884085977609164,0.11839246733166364,0.06441013604405327,-0.19299967628224132,0.18854678005412165,-0.00576807638091316,-0.003496886692786905,0.13699324405145066,-0.1489634832155864,-0.05683521979226095,0.08310974265926584,0.053395283192020915,-0.30094020892102863,-0.05489842191400296,-0.013398860363698757,-0.0192658179906904,-0.2983222077893317,-0.06866964902217276,-0.31398230963950285,-0.2811199801115327,-0.22070243965004388,0.08816805692901229,0.041856755564703634,-0.25359027414200225,-0.0019789916441094423,-0.0054084872595789295,-0.02409659093430947,0.1737438358975583,0.004766131277972046,-0.06953913450963214,-0.2826737458943178,-0.35861411012491407,-0.008142673829172881,-0.10544695266184542,-0.37637119339223096,-0.18182684818752096
Glaucoma,0.0390173547656845,-0.061464077734183206,-0.009882665805470444,-0.07602252687908767,-0.16760113008003866,-0.04119121601301129,-0.022105300200382497,0.08017321850504538,-0.0843947628141167,0.05863002523380099,-0.11797049779656113,-0.3389697454907305,0.326620918281171,0.14071869455174196,0.17608624347442284,0.09809023286677927,-0.134871538231717,-0.17734352602020823,-0.10490004244356874,-0.11372189225987223,-0.011602852320783504,0.12444916941730017,0.0183643560441796,-0.046459210267310404,0.22741289523836491,0.07926304243459706,0.029083628894474196,-0.07477784083561619,0.12487036893745422,0.08671086092375538,-0.08525957641496396,-0.1240436153265169,0.010772729932346533,0.1869238169727425,0.22440646702491154,0.24478081547940914,0.05347124465229243,0.040924235207580636,0.0345664599815171,0.12048634794224379,-0.09983404936750208,0.18066647558934354,0.18672790722210997,0.004968303193728068,-0.1794929646844069,0.20658898811367135,-0.054141217492385,-0.01594008335887256,-0.15350236995544306,0.0835705355947963,0.09794064746842294,-0.024318483676709347,0.007084975679580987,-0.029221309767547644,0.04563301568773288,-0.08237587306263071,0.23124622868298111,0.163664115563467,0.18476921453972905,0.10452979746007342,0.17118549142140488,0.16734448314844189,0.12134835081555333
Cataract,-0.12117114061003934,0.18290179213164515,0.23460877593612742,-0.14015447792743693,0.035974838817235615,-0.006074585316096618,-0.12344746124726466,0.11734050630387029,-0.11786427239062967,0.030229609349900086,-0.022441147339121535,-0.199238281508714,0.18970951773076394,0.2329976588257596,-0.17708003361540828,-0.19920750705237503,-0.027047945242416032,0.3103759797299271,-0.012275947114141646,-0.2579698241106834,-0.16124452103077486,0.06599256990418065,0.15448271124486831,0.13563095313256315,0.11363481222941112,0.24659585393483613,0.3651016701765584,0.35814827489848705,0.03752060475030365,0.1403221433548104,-0.11658550864487109,0.023357595129907305,0.077999648478696,-0.01599616533808999,0.202776059984834,0.1137934648272914,0.10974767387804664,0.1981780363760452,0.2335902911055138,-0.026385942857753253,0.06497266824270542,0.28931220972367294,0.11949443551546145,-0.11777136667088596,-0.08880939174745893,-0.03447436070958258,-0.08991823729193289,-0.06472763981502634,-0.12207147719755691,0.1104621701347252,0.009204123708407194,0.0947792924578862,0.04974944226190981,0.0016004186244598663,-0.15186817216313556,-0.20329125176230667,-0.013890192045701766,-0.23417960350109593,-0.06883563605423951,-0.11761237591989868,0.300783764322475,-0.13970573890140747,-0.08059795140101175
Macular degeneration,0.158427051921461,0.14733007291454284,0.20307739722950635,-0.043186270413610936,-0.13267435940889696,-0.1369909047895707,-0.01840359640847966,0.16081007995825364,0.10156947786718619,0.24834937667356236,0.1384839846013041,0.25302079479748024,0.09138862701698257,-0.21467334915870412,-0.13971657718922886,0.054610143698017095,-0.10301928946730915,0.14038568250048913,-0.09255121252444784,-0.027310102944625936,0.057032081293550245,0.1584687166508651,-0.1852787680545127,0.309552437169005,-0.11031213765310864,-0.06481566350192185,-0.013969395960742693,0.17324889340824776,0.07909355032497449,-0.08331267065047608,0.06342367590502407,0.05345209234450468,0.25418610229704763,0.1255894921304169,0.06450170940336414,0.16094673694881712,0.16042758373937765,0.1308605670744688,0.07328422636278602,0.18698816017316922,0.14724604229161595,0.0041536178149580785,0.12128838502106129,-0.06422197524862565,0.023338990797602824,-0.011503465893422977,0.016946466856780373,-0.045062024557112966,0.30657652196013163,-0.027215252690187434,0.09283165083575512,0.11608667642924936,-0.18215218374495054,0.12384940053637307,0.12820930494593807,0.09694620879178628,-0.10895082931867961,-0.09345915156015526,-0.055920268733361554,-0.014301416375016243,-0.2661897767918733,-0.2915739198702929,0.18300049565427226
Miserableness,-0.14567018742773408,0.15290577591251586,0.19625268728505016,0.24432242671114598,-0.07044724692916134,0.12121436250496243,0.13149775706435185,-0.05236953192935441,-0.017626327312150008,0.1478083664010145,0.04764924974084272,0.11802302616385336,-0.1757234522589958,-0.24246367796049725,-0.08166602535576732,0.024612618001609885,0.006046977916311528,-0.1363877658517886,0.1266394561099127,0.22836889218295883,0.11508077775056985,0.1828280951634789,0.09705970663648081,-0.2599756091476463,0.022594747065271724,-0.03987724032472136,-0.025333899115045497,0.08675277936499318,-0.14296768724150022,0.08832987656076559,-0.0927765992173134,0.2239904102087589,0.22745602801640688,0.1023595461297921,0.053518571136876074,-0.122548115715693,-0.3275058948008132,0.04613286122573022,-0.0390189958940297,0.043317584239753286,0.11849785021985718,0.013565249424902111,0.08361622254426344,0.09088153125799059,0.0518469608075017,-0.16008433246259354,0.09213781982055895,0.066368852192068,0.07144218278335322,0.04036673760167241,-0.08501643192722691,-0.21209503151511389,0.18109743759096764,-0.05573190211124207,0.09297329209150333,0.04783572953141277,0.054046991111976084,-0.021449333222422134,-0.09881335765877701,0.1662695179376366,0.23399409385078226,-0.0608315157602851,-0.06377440521797338
Fed-up feelings,0.039525823424054474,0.07079416226687513,-0.07692052410604827,0.1350702967815376,-0.07680359587206277,0.05851356043658589,0.2008911188138122,-0.08334378013685112,-0.14659025434372863,-0.10847223735323809,-0.024965369794233663,-0.025604855984559576,-0.11811190089623201,-0.21305432431569546,0.05660735279115218,-0.009109753576401949,-0.022917146011162293,-0.14080639432071712,0.023094669995395323,0.03454496888233291,0.16431930273811787,-0.11112337803912563,0.2168262853780678,-0.15493151189634205,0.20325019856981563,-0.12202936707592459,-0.2071429901123761,-0.1437430646527712,-0.06350703402148415,-0.07488292228785737,-0.10848288136765934,-0.06693625272462075,0.05998970711993796,0.022234366936833443,-0.0006509133894928539,0.09093184137719647,-0.016474581126739992,0.1711521241622298,0.16929981203494973,0.192088938822005,0.048030320613061485,0.17289563437123998,0.1311377736450134,0.0037238454909234438,0.09524921057069832,0.18764779645825888,-0.004874956635440462,-0.08542851927777528,-0.14745420818174307,-0.14926167171324686,0.018861325716758418,-0.029441961811511194,0.08373792728521393,0.006461215518507668,0.015421059431203072,-0.028421789336035022,-0.03316509480466768,-0.14703038175978242,0.19473732881123107,0.10114700834821601,-0.028133650850762467,0.1154328581233234,-0.03158742042022087
Mood swings,0.04567310167654319,0.15416729852084082,-0.11010231191957759,0.12969932167331566,-0.2879123878011662,0.04305816708336151,0.17966165799897008,0.009682911208218877,0.13508184752944336,-0.15531062718458905,0.04121449525823284,0.15919169124417235,-0.024568985835316002,-0.2844877753487061,0.059089787092877245,0.10315517456855036,-0.2186861201238668,-0.04801060286090714,0.039269627477771754,0.27766361564964603,0.2419658894679786,0.06692563266054842,0.19327112732892768,-0.10508518544283171,0.12840000766256315,-0.09638380763139202,-0.23489329202623038,-0.2811485408228058,-0.09097365159791762,0.008691711495436046,-0.18378449872271185,-0.01660860201329175,0.16104079674455418,0.21449163054153578,0.10525599137528986,0.16475386142412857,-0.03985606806632771,0.23893346986974376,0.07659242646263897,0.05430317719078373,0.05185747970128876,0.13212232598410562,0.08100595385502993,0.043486722273704606,0.21616487889199476,0.1915686013123192,0.10411991259479929,-0.033679602459885,-0.05871615406678839,0.016040678820036076,0.08739257494212968,-0.18113235473492814,0.1843728623570032,0.20593416349793303,-0.020812579916987064,-0.06179674762701611,-0.039963839706885926,0.0658134710490449,0.057132261147317474,0.10909960799861029,-0.15099520386747545,0.09338069072113253,-0.11100167125157348
Worrier_anxious,0.1546739849896286,0.12784133724041025,-0.014743017023933134,0.05181544535984507,0.14246430256491097,-0.15892955594104663,-0.019718354028041087,0.19380971333793404,-0.04553041299818593,0.11154377443019627,0.2538267659480589,0.3036097716117669,-0.1223344458287553,-0.0749852290443113,-0.004013310505164971,0.009413872147328754,0.15449933735829569,-0.156964184110213,-0.24951899509657743,-0.18732299388873982,-0.10846818408886526,-0.09582421082125872,0.09092121961860195,0.16181377689991325,0.02818106774630606,-0.0024179908064905623,-0.019361448461447883,0.012558468292733653,0.2344537654092544,0.14289747175993955,-0.038928558199527175,-0.053956120724671305,0.15963039460186873,0.08549861895274395,0.13296422010654155,0.04506886700461314,0.2400693238557709,0.16671209819278068,0.02547458700514308,-0.02561154240327116,0.22621891804257946,-0.029348265354378664,0.13283187888656459,-0.2950235117847878,0.15985075902949764,-0.039865927471602516,-0.3184296913084062,-0.3319531466322392,-0.11194801561683769,-0.08799574878236834,0.20254971804433536,0.19278006716933527,-0.1790531901940317,-0.043907429105216535,-0.06356436463094389,0.15620827333766274,-0.11732658304890599,-0.11453757833565213,-0.012178961335078543,-0.3513512733279815,-0.13270824560408245,-0.200166645790087,-0.026291843258144647
Nervous feelings,-0.1376782757872083,-0.03634400250158189,-0.02321501861385728,0.2858378356037507,0.2059891287702515,-0.13853918246033406,0.09719591309933764,0.3544468731316798,0.1838356674705862,0.16451665064324109,0.2794721479923944,0.2595721547387562,-0.008871234697089841,-0.23835555267382114,-0.018558315086687333,-0.009381983690514907,-0.010542741734684289,0.06410267417045322,-0.10500440288513453,-0.011338030760186087,-0.09886969341705563,-0.05940344380952648,0.23856022820245654,-0.024580625099619627,0.15177664986286732,0.13250643423459224,0.1296219600100642,0.12314132694441512,0.2323455123290892,0.1052565358642378,-0.1430578762199811,-0.08576452954857482,-0.08773356915764798,-0.07870459130607946,0.05814144681736126,-0.12026447996993528,0.06655390197534634,0.07730883357116382,0.12875209695666354,-0.07016941753711575,-0.042026881137407726,-0.018163364995578905,-0.12617027450938748,-0.37550711410602816,0.11740944911004442,-0.23913202219215854,-0.3300960890140896,-0.4004820524068188,-0.07333773149842247,0.06236938914563251,0.023474299632379143,-0.13399808498489404,0.14101962219508946,-0.1528120409608226,0.02094627650206379,0.12776795846540986,0.1577947294001818,0.0169727332217542,-0.18086164007133362,-0.22573437961120646,-0.0010855011279581235,-0.2003151215307786,-0.08968554626423612
Sensitivity_Hurt feelings,-0.07772943922521354,-0.12120485907482853,-0.10979610590499835,0.06891125119238836,0.08203621786169794,0.06541808442725222,0.17232080197593294,-0.16006200953232708,-0.1076305444359833,-0.09128769114896389,-0.027471678038549413,0.2732948846823172,-0.2553176770630264,-0.22062890721256578,-0.0399696419123156,0.14093690673831488,0.02296898579937552,-0.028968444176621675,0.19522388478653516,-0.046117913294767714,-0.13037173082547288,-0.14711224326098238,0.1637161919591066,0.05170266906271333,-0.011328840741439004,-0.09188863122139244,-0.29508955178924257,-0.08874072152659206,-0.0029102703708406468,-0.09670842857436039,0.12361377858164865,-0.020955012889012643,0.2985092473737868,0.02089101749868032,-0.058614575211943944,-0.16123529117830426,0.004752487276755387,0.12765263389198514,0.12890474155164883,-0.16501672808137072,0.10490423814448042,-0.2091149261461458,-0.10045495364497084,-0.07630178717313496,0.14875977418509853,-0.026414870175407813,-0.02029419119969623,-0.06416461487111662,-0.0007137613811333676,-0.025020770015869755,0.09161763113721144,-0.06650540012249291,-0.023593278370777182,0.17467268302569897,0.060023113470979376,0.1932563973732592,0.026765063393175817,-0.22895098351272342,-0.046156028839785465,-0.035928239594110144,-0.3252209501120836,0.023177396081374178,-0.2177110861094586
Tense_Highly strung,-0.03972951483460049,0.02450021866200898,-0.1102064705772503,0.06848315256089783,0.07856871661475127,0.0014104709357468147,0.12260369219021458,-0.06401792485361182,-0.18887124422608403,0.12545842376122404,0.024868901036792804,0.03903859918692048,-0.2177733552833884,-0.09636063519015636,-0.04028176376752318,-0.26204171126975556,0.23404377819138114,-0.0026985399921704337,-0.07850323924820579,-0.06705229206203873,0.13825080147150529,0.007741759337674636,0.25455046583130125,0.028297066529713477,0.04072560889230941,-0.24765002673202355,-0.0027853057608695836,0.06487142720779494,-0.13146655120706413,0.25654408068013834,-0.10333854138621058,-0.2650165774603805,0.08276724491262973,-0.08411151848361319,-0.046976491952417834,0.1405366043418543,-0.001794818017303053,0.10294818754345618,0.16728895913964845,0.10237600250307403,-0.05724624818589436,0.09168502068945247,0.06346066361556789,-0.0002411690877444461,-0.11423749349060454,0.08774446695596638,0.011595570857168253,-0.03573698539196953,0.0198081730804463,-0.13096662697972802,-0.07029704200755356,0.03756391009339912,0.08846359647658684,-0.3114613772516806,0.14873989976413357,-0.009762559028165793,-0.06696734833287807,-0.35285883941187624,0.13908750256831473,0.1391775930338337,0.059651143962498536,-0.13157603523217262,0.1008174947146689
Suffer from 'nerves',-0.24056511086320193,0.13489045197482577,0.018754104204856625,0.3510105787940639,0.09175399992807026,-0.03569187942876582,0.09504890754067986,0.0958388174907692,0.08904144415295553,0.16595955396782608,0.2004268914381349,0.22818264208573044,-0.1348038014982904,-0.27361118712112487,-0.09074535046121819,0.08049812339461525,-0.07559116659687315,-0.18290346915253955,0.14379426973008647,0.11497078667419808,0.04093517542672753,-0.011149502569886864,0.024714280580339757,-0.021610161943306647,0.17558837771170202,0.01959271639744626,-0.08828320271393295,-0.34763572396803377,0.20260265890298482,0.22452771257134588,-0.06605530149245378,-0.20216701947998952,0.12317134102087467,0.036324383748327506,0.023975770328672347,-0.014070855643816356,-0.02324574406429905,-0.034322453043341784,0.025044623835162358,-0.0629653476163471,-0.04807615281394538,-0.10457725412631605,-0.006464840279690902,-0.2581592085057429,-0.250244780183844,-0.17837696155816168,-0.23595503172348575,-0.3050754346246832,0.02481681180049646,0.09971723872624604,-0.08906937407336384,-0.15615741791420779,0.20080556015380846,0.08316139321292845,0.02840765436928197,-0.13566237445541243,-0.04353588909140341,-0.003538855468510499,-0.12621087499437494,0.018762756961196888,-0.17659656925209025,-0.10208977646652184,-0.09807576495300724
Worry too long after embarrassment,0.22274539280672898,0.15956348617731667,-0.10971404301847264,-0.16647436866973253,-0.12855620864776088,-0.02583060890150352,-0.014836707430360575,-0.1546517320277249,-0.0012567220400381543,-0.1625830478001306,0.1251207386293021,0.08505989685278316,-0.42456283207050904,-0.025162646042308234,0.08425811621387086,0.22765662261365366,-0.03436479547722361,0.0005364232869680733,-0.028720752635145796,0.13391998772805278,0.11818958799734904,-0.04806136882722369,0.06658718018695463,-0.04764356641582199,-0.15754804294335856,-0.2956992864836791,-0.2500442675041047,-0.07068683211642378,-0.13313409367856305,-0.07550782568143204,0.04429710261195247,0.0903605965589003,0.10205551897361892,0.1912328386961039,0.06693737144735873,0.11693843956179778,0.06468033960390968,0.23487203669194476,-0.06659295510887445,0.07946057528030835,0.19761591760099642,0.05680062913882115,0.20763251540690608,0.15096601963396875,0.3744223868819958,0.04992645914094004,0.12157831177498081,0.15648194191620532,-0.1519177004672127,-0.37458479146936596,0.2297311748382087,0.070835472198809,-0.07882176077164635,0.18106984986587923,-0.22122063158276786,0.22613958078285862,-0.1184175020687162,-0.13451826540006553,0.09145922917906948,-0.0826048616907914,-0.2524901267151036,0.1290305233420392,0.15107322833817977
Irritability,0.11380941909257734,-0.02231375986442455,-0.047336928704175996,0.19702478042514945,-0.1325282308568988,-0.1448917063708212,-0.009812717668254369,0.10441818579269749,0.08162266844316067,-0.05924312518359188,-0.05152063327545648,-0.010708110181580879,0.16135349806238844,-0.15244544233521368,0.042532462360255,0.10343198083481754,-0.15975000866338843,-0.06638043941319481,-0.014009728357519152,-0.006407854511877146,-0.06033942492081544,-0.03949897905710044,0.37981773603554636,-0.020905913352368133,0.1522473960917074,-0.0673106688655932,-0.12666014621998403,0.02956335463718958,-0.15300816460096575,0.15963000340832267,-0.23234240326878464,-0.18874805758875313,0.16248939681811275,-0.0006636596134109192,0.020756348073443533,0.15959749964559036,0.05225932808943738,0.1041955328896795,0.2969649802938013,0.18174900859130833,0.08467022687386679,0.249030067017275,0.09483265517795184,0.024330681018015693,0.07556637324181793,0.2182055425494628,0.12777640440673813,0.023555951944661986,0.013585863610693293,-0.13313166204701027,0.1531303770492297,0.06922689516568396,0.05879540480675716,-0.07120347173719141,-0.08135930473485367,-0.05820695441165841,0.20827261988400245,-0.3701316403798855,0.1304869694800981,-0.003516402458984464,-0.1271798137525681,0.06960402156749422,-0.07602242485039844
Neuroticism score,0.09352564180398149,-0.11182967648136236,-0.1415797055800257,0.2461198352582771,0.10953727106761169,-0.04615955808103699,0.11128077799318913,0.11070788283731325,0.12748668650576134,0.012140787445905642,0.257813554305848,0.2801048489781358,-0.021834550850665633,-0.3426029327442771,-0.013595025293462938,0.17860983848879686,-0.058598971831984085,-0.12323630638000631,0.17089534251151992,0.05413539273852638,-0.036731225774364315,0.009083058603574749,0.07402711697812984,0.08395406707919408,-0.033824978967670574,-0.03653550282093947,-0.27185233373909184,-0.07196839496786775,0.08779645387782567,-0.012458473627000217,0.053453919021184175,-0.03136549382364919,0.24939926253945724,0.06910530483657591,0.012281553588038882,-0.10602035342412348,-0.06371382553794898,0.06583705659590003,-0.08491462765787988,-0.00548737562473941,0.013332725779384711,-0.2549427256530613,-0.07472826064236605,-0.06002955450578434,0.07227310954552894,0.07430815891751655,-0.0026172561579720977,-0.0933378455282811,-0.00176767455864658,-0.08372211838848308,0.1646643499597552,-0.18524740686048122,0.17916902033598095,0.04008577552510394,0.017806630179694225,0.10306850180056659,-0.03323444650561673,-0.07275212982542585,0.011918456529880318,-0.056342374654063235,-0.2304413316631258,-0.06134576847693234,-0.15289727627644273
Happiness,0.18056599739400264,-0.15136216521907828,-0.12136164359311737,0.08371845138969047,-0.4033279238079082,0.12750828364845002,0.058256832576917945,-0.24107294862143352,-0.11003345539071974,-0.34440896943597954,-0.32414260218160723,-0.2822927481982198,-0.14568331992629238,0.21700542884488053,0.1455726985804618,0.2932937538519892,-0.2553902987843266,-0.07327981169694728,-0.06468195325137417,0.20142799916549112,0.168756564394,0.08345283159808461,-0.15526703438057352,-0.19772573365126256,-0.05338269259626627,-0.29876695751930676,-0.3417472941570327,-0.06315410486214966,-0.33321926687438375,0.020939394203284303,0.061640194215580466,-0.07761565750294579,-0.05853451956616464,-0.0238801500941195,-0.1693717887898024,0.13490189138612507,-0.17880652310874207,-0.22263181996997744,-0.2164515983963002,0.18155541333991587,0.051621091578273985,-0.11643079706770504,-0.02989668068756553,0.6335580739152599,-0.08107776275040031,0.3328102396290314,0.5994423083759587,0.5978667637035707,0.008092674617426108,-0.24186944280898895,0.11088760329882903,0.06596667873477069,0.030397983790047343,-0.03443725590687828,-0.28771810518090646,-0.017098923299915005,0.12491588303660099,0.09032419828335052,0.4961715769905399,0.0870530938336262,0.1529610848943328,0.2871526140424723,0.03287262930011517
Feelings of nervousness or anxiety,0.17644915426795674,0.06744714776071205,-0.010056698256722122,0.07321929939923653,-0.07473658326114255,-0.14240953857227492,0.08351035659952144,0.07585252784040367,0.190609445334521,0.16076690061964086,0.2597992505808172,0.32247225547585157,0.023726945633506333,-0.32799847963588463,0.02435523960853774,-0.044177567661072586,0.08353132621587794,0.06545814013286669,-0.07612708657404502,0.03883998780322013,-0.016480011070035445,0.07071051225133078,0.0183804839770949,0.06975603184496161,-0.1661753885869828,-0.0916461241771865,-0.08720496472813297,-0.19410364245240522,0.05416921338435759,-0.01785124840754119,-0.03148000928679333,-0.15143932520298847,0.03122617527266556,0.05006758205604662,-0.0726283988824615,0.020742418022350106,-0.07415012148300067,-0.0940829061994738,-0.13760640516346798,-0.22914618232830922,-0.051543465234855715,-0.19227949939817762,-0.0052597988325846275,-0.1901636272198441,0.370979506160707,0.15068009654217973,-0.19193507651415664,-0.16591691952828755,0.14224746621509238,0.11203142768462385,0.03830911849475653,0.21600535537432103,-0.20317027338652016,0.09805105647384049,0.11181222863073384,-0.15731790246446867,-0.07825173874268755,-0.06982564145200183,0.07555993150321505,-0.05007178935759461,-0.3911150852228576,-0.004103618153147715,-0.031911697756283136
Frequency of friend or family visits,0.21073725928422876,-0.12028878580827891,-0.13263647565190026,-0.10349226466127298,-0.05290836250535563,-0.30799768422501805,-0.23829060486860615,0.21594244746734848,0.29140904912585447,-0.1548256862660964,0.1661446937386098,0.09743737993250716,-0.055119543033131047,0.029632247984304683,0.08236204731382833,0.31518618707519586,-0.19840397139722055,0.044326608455418956,-0.060857467479333564,0.044313327762565524,0.14808345069567305,-0.15008853186245846,-0.10482324265118059,0.002239511462698905,0.14196012438554148,-0.16115440151010296,-0.14858039320634578,-0.1220290427358922,-0.06267750015021224,-0.20033935344432766,-0.23863471734063174,-0.1361981309391287,0.03372712774693303,-0.06692638134317479,0.021750363468916886,0.1923424023703248,0.15715994634672203,0.06954345745957348,0.0379194690861452,0.20368579745383342,0.04667926996217296,0.21997716743291704,0.0785003825627204,0.018877306556705865,0.22096102958445435,0.16167362412559405,0.037521860426012105,-0.0006594099475070742,-0.08205979055857693,-0.23972813693484898,0.4210927570379962,0.016495614806051936,0.014911427198094091,0.06050956693885814,-0.3023873783668531,0.2729407311363751,0.10798679890695387,0.032135756067362874,0.2054941142833452,-0.2701177780450713,0.01052473592069057,0.2613725746933137,0.17499354354020755
Friendships satisfaction,-0.030984591731455416,-0.04421521162089254,-0.09298420341255899,0.09190724981876332,-0.40612560079059,0.34195048007522977,0.2541373489010307,-0.46089973557775393,-0.23847211309101515,-0.423164096774286,-0.37453771160563787,-0.30432809271215333,-0.1508952805205688,0.18825871027851268,0.06449907156382707,0.1920945253120421,-0.10503185369287825,-0.14419954788357628,-0.22751228480300198,0.21413433782362615,0.1562440056649362,0.1640174106548281,-0.09941508031642797,-0.13977321791375563,-0.16420104065686572,-0.39362978394382875,-0.37434325728341555,-0.0032066667808636827,-0.46451689094752174,-0.02053679200953426,0.19530655096727212,-0.01146301510944341,0.013528906423691074,0.1028169917487928,-0.19489724206654738,0.14340722251942972,-0.1946847529400043,-0.14171253438462217,-0.19068047168007857,0.13155790937410905,-0.05865102038891411,-0.1666425295716418,-0.03294791656333763,0.6475887219624955,-0.07582458036441503,0.34914179122365224,0.6506879552049045,0.6388861805431957,0.1440034228859465,-0.052462097587903773,-0.124622851383712,0.06846189652349209,0.00936081738207453,-0.031905310980727825,-0.12523850667516295,-0.057394099607347426,-0.01698423533480082,0.004703670004069088,0.474932832624941,0.2666036366390885,0.14954059124191224,0.4268727280764318,0.008569392143437169
Family relationship satisfaction,0.18812096183143187,-0.10524464508978695,-0.15390277136096003,0.08770775056720778,-0.35170328860537264,0.16113828977137168,0.03871890838920731,-0.29129760514522335,-0.19022844164199937,-0.444107573891355,-0.41312702853027017,-0.362419690575178,-0.17895927232029996,0.2888466893021551,0.16049470706387758,0.3124603831818986,-0.2815575400097579,-0.11735471029674817,-0.16951827533814967,0.24035890837154553,0.2480852713332097,0.0044927347175178906,-0.07307665768270422,-0.16856806420572112,-0.06251010667059674,-0.2875453860157325,-0.29533126117696423,-0.05296343638042622,-0.4278918035692722,-0.09239676610289524,0.1580765199124637,-0.10304402254859586,-0.1698415287833816,-0.04071728045101238,-0.21991709301625662,0.19629302697398535,-0.07397476068806964,-0.09321021908830461,-0.03852086744716484,0.1758476164402964,0.08574800839070008,-0.00443249299327397,-0.004949919302753365,0.614483110989699,0.025016497819655214,0.34030434388136566,0.5989178744698983,0.5819459838155701,-0.031377027733609036,-0.18563928894394022,0.03697845652699078,0.04472364512833922,0.06504993924687832,-0.022242739035646733,-0.27522611678896375,-0.017448896245260356,0.011723583389575628,-0.0017944325699468472,0.4382381436795712,0.12559135278792163,0.18855302112392866,0.3306046795343254,0.05340384939052391
Number of full siblings,0.015259299476452123,0.1220315984358267,0.12347586091826183,-0.2486665474635435,-0.101512453588742,0.0925252972356484,0.08908837874262895,-0.16082815770037,0.06587495583468085,0.16429971130516954,0.13504125159598568,0.10215374512734182,0.13089885032406479,-0.15832210150281684,-0.0415413953637815,-0.15565536649223624,-0.026329517370806195,0.23042170971979278,-0.09178499190940702,0.022239064948965707,-0.08791649256648221,0.3397747465378912,-0.14029701529980024,0.1533954637429555,-0.20532470723775786,-0.16814933025633866,0.023404494390825283,0.06879557043411162,-0.20245290756147338,-0.0909137144021088,-0.18892687655109372,0.13732699605988313,0.09455409473289086,0.12900834529742977,-0.015523694171452353,0.177045748811727,-0.144035872137167,-0.16312485813892383,-0.20097018465785005,-0.01795905697102641,-0.10320348152481637,-0.14872838121969076,-0.025206618578527563,0.11215035513087784,0.02431217054950164,0.017659218410461103,0.1231908811246915,0.20873873517509114,0.5865546356650616,0.13421030777266282,-0.11740211313298216,0.23541591798054343,-0.3826820005660263,0.16701756563278658,0.1527274416643689,0.0717516567350854,-0.034975434647356876,0.18267780284987373,-0.03358230041832996,0.19083098085580347,-0.11488497139031675,0.15775191800859478,-0.020025148132781365
Home area population density,-0.012064651740244481,0.06136964760867701,0.17136797601179488,-0.10538950726855544,0.37591049933502785,0.10369567223213552,0.07319241736500659,0.24543355613575393,0.21214864903686395,0.2669546828920937,0.4484991825137817,0.3589682954842696,0.06300334860639642,-0.28588530364512516,-0.2854432400493062,-0.3325683034842256,0.24090365802862443,0.3172184796812166,0.1582241642783119,-0.18301298853395717,-0.223975307419743,-0.08171074712805493,0.08454033052988622,0.05097590064628417,0.2286730815527471,0.3176694518849499,0.22063947460287242,-0.14540546074035104,0.2214180493104286,-0.10670918430432065,0.017529328212300518,-0.008170011894960352,0.06191542989288718,-0.08903447928712503,0.24332632440594446,0.10481230750117346,0.2202551311254957,0.19361449871333397,0.14340899518103492,-0.045374821257925566,-0.15314669021346183,0.14054153415501316,0.019531888947999433,-0.31130005534538163,-0.04358926093727951,-0.0646645654572406,-0.32149184483331456,-0.3022117903018724,-0.09292805431222825,0.12251756910486086,0.08572524613859811,-0.19053921212641348,0.09303421774718051,-0.08981133160780436,0.21338408322375635,0.2547887262357187,-0.042418899288446034,0.16063709448444635,-0.2778647618518932,0.0426181281821642,0.16386064295261218,-0.08912322086285435,-0.23039051705232408
Average household income,0.21462028745755093,0.016184500256917714,0.16297814429792143,0.09287778295721294,-0.08395093591863018,-0.3055729734843038,-0.23135238700384933,0.16034776835018527,0.21521128194461778,0.07722495191463309,-0.008843627709847106,0.04774348082899525,0.0090052622273415,-0.11856054874669898,0.34486948316769117,0.13819640420166646,-0.10469764730119169,0.0010873440136367834,-0.1457880835790423,-0.029762135904073454,-0.10718791587404794,0.2102774024099732,0.04965456373506705,-0.3373007769090565,0.07240240619094353,-0.02670555427646145,0.028646053557423435,0.05073550262853319,0.1254724490614909,-0.05744804919170266,0.04038127222414347,0.151434112758707,-0.08059976629958208,0.07542822683222551,0.12384378332457859,0.07779378209587105,-0.24202073453371428,0.12650480259975846,-0.2663318451506936,-0.015086431083596016,0.03357459096460348,0.12254725105076122,0.10362636442766096,-0.08368051476326674,0.2678643851477705,-0.08213581857836728,-0.07375501673994914,-0.05231951534471671,-0.04705950616182907,-0.19709065069764176,0.26161219888589915,0.017979448170862715,0.011421846238762117,-0.17660744025235556,-0.16052478973361362,0.09408851164082996,0.12762498725489682,0.027283454838375822,-0.12120385767273972,-0.14893843308380944,0.1833077530325643,-0.01504444300702267,0.19464971526879507
Paid employment,0.10996244076935072,-0.009516366524915026,0.0995894132492885,0.16895711240157585,0.1290601787334355,0.028398153695026063,0.017847314176108717,0.04085535658675106,0.05355436419352201,-0.06684045107592938,0.0710657919207052,0.2184798462620656,-0.09302950401399991,-0.22546495505082273,0.0782113271019011,0.021051225214592406,0.2452549630005273,0.06658162722908934,-0.11836066258339493,0.28727215091757535,-0.11864505055949325,0.13382036786201673,-0.16348478836980565,-0.25617780734228757,-0.15935779246549062,-0.006088226527706569,0.030669616115988386,-0.04522573611625249,0.09088952660841912,-0.1902030615598786,-0.0061241348586673055,0.16614865826115863,-0.1381155460151745,-0.07795704789466672,0.005905887211803508,-0.08535567677833997,-0.3171243569616304,-0.20239004949354256,-0.2841124388961004,-0.29054284873391373,-0.08002193146174198,0.009899633899747948,-0.020958141748135938,0.05419182144036397,-0.04969525625636691,-0.038579004175445346,0.008969160573356177,0.06143204675089774,0.04360564853591894,-0.14988329705577044,-0.004597801668774392,0.010735940191612857,0.12300570967501084,0.04438623633026834,-0.38717741883335716,-0.033451440717825215,0.022945331412109377,0.0701481936865891,-0.0264198465591765,0.1075191322313245,0.08657774482482929,0.11967543376961215,-0.1408671970811528
Retirement,0.035662537894362904,0.06365106305313756,-0.11411696185946227,-0.20079853853665378,-0.1642474478833591,-0.019099412606874387,-0.0668926448043238,-0.10980654886119634,-0.10229364083248055,0.008668671995552329,-0.04391239951792114,-0.12199496412575264,-0.05568665672389695,0.20223193566569372,-0.062462282904467634,-0.020425021891373577,-0.15324844773981677,-0.09719952069569619,0.1160125661458039,-0.3657261252758002,0.015476773158499301,-0.11730371900822846,0.03685884124102928,0.21596763959278467,0.10233851198486825,0.048915984901636025,-0.1268538619538388,-0.12584934336587994,-0.055843584291874325,0.16378211001329007,0.017830298650506872,-0.14755638231685195,0.20511094380260475,0.13444326745060522,0.02740851893566358,0.14031509835757788,0.34695236537367047,0.21448844507857318,0.12418924476371458,0.17026863957718608,0.09699325215298527,-0.09647627909904562,0.052808637622661365,-0.04150004620737475,0.03488807175864394,0.012570703855834989,-0.04283450700645152,-0.05589948057324807,-0.09335555148734447,0.14765625217651537,0.11303256469071252,0.01299434093983898,-0.16510130854075425,0.09469018351127846,0.3541124801950461,-0.03889171067072502,-0.1530565312941929,-0.00795977728758949,0.07066806144328823,-0.1402880995859598,-0.14637585391857225,-0.09356205135223566,0.11054653277159839
Looking after home or family,-0.1671809436912177,-0.10830327487574003,-0.02843415154035317,-0.08861001291371061,0.008605804560387361,0.07028758922315224,0.10040797325789586,0.0840111980124603,0.15273558155581582,-0.039620370664681916,-0.1927551349311514,-0.20243896374073278,0.24898406874940143,0.07666424694823462,0.0833700881038944,0.031781025619629276,-0.1593707452552175,-0.03693641632336736,0.04897337449003322,-0.006153221975704814,0.1323875246438185,-0.13316035893112774,0.21659715416594244,0.22247228672482772,0.1373953010113314,-0.009422756185530307,0.1397930460202369,0.3333486706423404,-0.1511424319076898,0.02397425768307377,0.18345564541635073,0.06773253215588812,-0.1254191560876836,-0.05687952535214574,-0.0940251821890525,-0.23599475644081758,0.06591704407801603,0.06901899791789837,0.25468189024308335,0.3042740858425898,-0.03617067949372828,-0.0009305330254337053,-0.158289295111825,0.08465819453939512,0.20829509981990274,0.09126401349236414,0.17733974664887367,0.07939658148970206,0.027231376950253,-0.03332110864683899,-0.06508212120093182,-0.07220739144368918,0.06119788745429887,-0.2471654096186654,0.06642806744392207,0.15196979178676231,0.18671822019021767,0.008217400351569683,-0.01948237326398453,0.014011211099978584,0.09169066456149425,-0.058601429222361286,0.20788593297340047
Unable to work due to sickness or disability,-0.09589746329923843,0.015855318926548168,0.1714406606554236,-0.06997189176840857,0.20160442104074128,-0.0691919892347148,0.03194265425630878,0.2968203587039863,0.2563353526255281,0.43181083415630966,0.3231915145618365,0.2975231802456462,0.09582144514812332,-0.32751659485908335,-0.06414644449379567,-0.13080807388876545,0.08855896744361895,0.0663640366522389,0.07480602105401958,0.04019876614688041,0.16036972877740163,-0.1386966159672233,0.2457971394011223,-0.129499550699625,0.11675782949061243,0.07785556395603785,0.21325795786154747,-0.020487983846559445,0.3053866754817662,0.00043438643436465474,-0.09493874322066921,0.0011067569654156385,0.056307136702258405,0.06682856844264769,0.26931214913504187,-0.11412527176213286,-0.10899575246308768,-0.035782265929534506,0.08302954995277435,0.07009905129269817,-0.024326951120219854,0.2689844114744039,0.11610702219261926,-0.25901054804930723,0.23686707831272627,0.03159138675106153,-0.2869908652478558,-0.2762862360254367,0.030008989056541632,0.08260706581350805,-0.03288815824826033,-0.12721064214548908,-0.0006151936575763626,-0.12500587681991346,0.17442995263743508,0.3162937331241725,0.2571107730543066,0.10435215261727206,-0.24484863907523527,0.0026285771759999845,0.06282630300892912,-0.09912984010355042,-0.010582683711818728
Unemployment,-0.1117135688859016,0.03143966484738444,0.06130743015455779,0.18565558377091812,-0.10344623162660803,0.08253345375726304,0.11968983711011882,-0.009194903334961682,-0.03936731099067428,0.08429517497608228,0.008139079190540743,-0.3124187481177582,0.29510966171113656,0.1173189681511342,-0.15936173947821325,-0.042811818547232684,-0.24419872131352013,0.111837818686498,0.054797332723775405,0.19845690013557518,0.10972762883133776,0.13333905140030733,-0.0829670210276209,-0.02372127629470793,0.005735447971206888,-0.10122832667386776,0.029588147009307432,0.17371198581510955,-0.056117336503400846,-0.028509581366115328,-0.18471042888839323,-0.02145534538148262,-0.1038129679272593,0.004654180183117979,-0.10931108425429516,0.13581121660904635,-0.09274573292798047,-0.08642429526664391,0.07540538951633693,0.05596025781893994,-0.11920028518829477,0.0723404198971862,-0.11846523272210818,0.0189079350518813,-0.33696635624605503,-0.006541662575104698,0.022067333283976538,0.019590318114729416,0.0730446008209358,0.04513812774484257,-0.3170700744734303,-0.12123519436876828,0.11601619956500271,0.03945067501008064,0.1785997896895674,-0.1296694237851885,-0.08533513901370533,-0.024820342218257525,0.07898814451251103,0.21946785696193372,0.07525674898496053,0.07174703334081335,-0.03301697174428632
Doing unpaid or voluntary work,0.08978577147051454,-0.35166024653608313,-0.21077593979151898,-0.03406488174183238,0.052161296785772915,-0.36314047101966646,-0.21243271496623328,-0.047526632955786595,-0.01563017520846011,-0.34608701935443503,-0.1975508589921287,0.0991775748308424,-0.1478247532319997,0.1804178968334973,0.22080199491381783,0.19707079438711367,-0.13257374442285694,0.08874890056078055,-0.05569573555158803,-0.08556249508281294,-0.013850527876809944,-0.11804324147725864,-0.019236827305945045,-0.038450224069062344,-0.17763452622836498,-0.0897446458730573,0.013630569909918708,0.0741108813516897,-0.24856620590539413,-0.07719467698814912,0.07961811050543013,-0.1446160398089177,-0.1905526425565596,-0.4607694962974964,-0.31251675606963264,-0.1303040509462713,0.0771428324089184,0.02472863069159987,0.03283616738139892,-0.025648848335650808,0.20715429054603754,0.09518083549909848,-0.02148026380943579,0.09858785757052016,0.2751953531931669,-0.16618983552821234,0.14497407265947873,0.12214537174723519,-0.015309263056939932,0.13882883938829393,0.17088467470352534,0.08868021255569737,-0.007005816221873405,-0.19750830216244575,-0.1312384675731951,0.04237035450700275,-0.11299177263551173,0.07061752901862088,0.013672494710208554,-0.2625622405371312,0.05223392820137287,0.05492759690181645,0.11806533048704337
Full or part-time student,-0.08673995402791859,-0.08192883073295532,-0.1371275231473657,-0.07533131817881722,-0.09046782026874041,-0.1847948404155355,-0.08802037750228571,0.021469212889409502,-0.1271619699507839,-0.0011229049582822026,-0.020553742718089747,-0.21031808979651087,-0.016898915872915882,0.21412752028453194,-0.08369479244586901,0.10826536554025921,-0.10822990402402388,0.014004218935680485,0.1400627370182297,0.08823314886238857,-0.03696399528069157,0.08356604308502753,0.24533928816162823,-0.1034785546818908,0.07507571988796907,-0.08723520758022817,-0.11465393280292047,-0.04689547508735993,0.2056104267756358,0.0995613530031158,-0.17085534361793292,-0.11301778293872297,0.029036201839735577,0.0162674278479723,0.038958684693597805,-0.08621894457014803,-0.14084737460373856,-0.12296549403199435,0.09997117766033196,-0.14156251913210557,-0.0786556947962242,-0.0007420869575804621,0.03715529686335499,-0.12455863043090681,0.025433988839488386,-0.14266228269789147,-0.06585367281239131,-0.07692327749414103,-0.0972809254910405,0.013948967644452562,0.07892598034378295,0.2507638805552589,-0.122977703098361,-0.11662946591447972,-0.1823233703289614,-0.13141219711475008,0.21565871244706447,-0.2292954254174409,-0.0413787031503335,-0.20263836137397837,-0.06203939196311871,-0.09049284546473708,-0.3932783150053418
Number of vehicles in household,-0.05563121433245486,0.14140800819574095,-0.09195420710072126,0.04985937701900787,-0.18871587162515654,0.3054470003163764,0.08433517163789149,-0.35906751438985346,-0.05814903969498339,-0.2812557873088844,-0.2794162800285873,-0.06217215169984482,-0.07644784817835523,-0.004823378552217455,0.039864632002744135,-0.032264364548838374,0.26935701520220084,-0.3226840869480011,-0.2696932286292446,0.20836746799613304,0.20923555760700563,0.0652260019195268,-0.19675667716081346,-0.12970672207003162,-0.3433527212703654,-0.27089766330063436,-0.4197176039979997,-0.2364495143394173,-0.32711533944138516,0.10506277100337244,0.20416432098333678,0.20876970933174144,0.14307374235404835,0.27761113250450725,-0.03401912469010527,0.10550271076956277,-0.053065755435676015,0.012972716605029432,-0.19453128892283295,0.07004729146025121,0.018672704908534753,-0.10219299704716196,0.04514523877512785,0.40614293915703076,0.0370929152815515,0.2549783219532795,0.402594201548181,0.37454575104818183,0.02883866730977832,-0.006381575109694342,-0.12944168189043623,0.029582349412602328,-0.018046450935021198,0.11874088736776506,-0.12255500668434172,-0.14640202691891524,-0.09232405413961733,0.04221397845621027,0.19852712217619767,0.2623192599907591,-0.08649266705682146,0.3348922213034471,0.1461473662657524
Time spent watching TV,-0.233887250338094,0.0930564907672133,-0.11315384899575898,-0.13147879996209666,0.07755737969652989,0.45715251986473404,0.2884555396279269,-0.30156000767281527,-0.09494596627562037,0.07448686698036612,-0.023586718217668088,-0.0906362314005625,-0.04962010965623979,-0.25752744869303423,-0.08421719754228986,-0.2500112888111538,0.1268708715631851,-0.04759956254485969,0.08269586153112035,0.22870304067856412,0.20932403288958384,-0.10997008756941427,0.1100664170894857,-0.11090621196203054,0.0005672861232349474,-0.09927926830251632,-0.12622499787780658,-0.20547570922387523,-0.17946846385876014,0.07075984437956652,-0.2587535551329724,0.16917433506181206,-0.020183103947995783,0.1627550959592906,0.11281937565776044,0.1782986006150248,0.10704962525631137,0.04082435869987926,0.00796651666983432,0.31302165346377325,-0.2588350187102139,0.017534833972082536,0.05924439241463239,0.22538898436973087,-0.1111965837295234,0.1325139333189794,0.2179892793056603,0.2272187528308103,-0.014535633790669212,0.1270203749248003,-0.2902175917270043,-0.16137286795245584,0.0009366649422712204,0.06795944779010939,0.2417807963144935,0.13741453499830217,-0.0018106007851128722,0.1274707458173241,0.06780596539962658,0.5703581524390245,-0.2649469729001322,0.15141505301941452,0.01633965657326266
Time spent using computer,0.06668044371291482,-0.05482133254831422,-0.07323861838055895,-0.09658861429277989,-0.11477958937462064,-0.14786747201252348,0.014159967417414215,0.2682752281018082,0.17233930648398993,0.028365944304486596,0.20995044307049812,-0.04244733981747491,0.3488584699206371,-0.14352875327552211,0.08264231222346881,0.06022017076276686,-0.09611595592189993,-0.09786563507385461,0.1517917492903617,-0.06035053896899299,-0.043908544288022204,0.15643063822084918,0.1347759823938707,0.11449477360525913,-0.0307078681240361,0.11543510647573114,0.03271863334485058,0.04110090006478569,0.1556310321619015,-0.003545201342745006,0.060125532270646695,-0.07087965170362481,0.022478787463044915,0.03311387082443216,0.24993114037598987,0.018296677706046767,0.09442011572379858,0.022507608801268505,0.1687278034615003,0.17860429576029083,-0.06295910967587967,0.2682486110161645,0.15132290971194104,-0.05642972535130083,0.04885508195545809,0.04432809770509965,0.004271384404809184,-0.021436782286254247,0.0778601542272502,-0.014840353499464975,0.06294898866616545,-0.18861886092646865,0.10816890268782281,-0.06600412708908143,0.0608610621888168,0.14088565228628108,0.20667253380660905,0.3181047267931976,-0.1908245467279316,0.10113130210661862,-0.03303859007455404,0.014934406831881793,-0.12074723204171578
Number in household,0.09728758455003614,-0.014054650423863441,-0.1088750222807043,0.1497243527196424,-0.14727816733946045,0.1905771336972334,0.1798573412658554,-0.1245898207460113,0.05967802347789655,-0.17617071248792143,-0.23675784339944725,0.04431968750624579,0.1489849525111183,-0.11320146713442208,0.09583962184478527,-0.03305818710770625,0.19205532649011056,-0.18475185277110595,-0.4377012830803896,0.3827265371978245,0.2077065749155696,0.31244393983030183,-0.15376480312552154,-0.26774769457300823,-0.38463370672248454,-0.15084671830589574,-0.2490244214424745,-0.03196120975459949,-0.16231546803821764,-0.04894058382352309,0.09544091672985122,0.24785509207879688,-0.042413080585020344,0.08849705985035773,-0.02265274486618913,-0.028027354058097042,-0.2383823568639612,0.08199002122650091,-0.1853167802864098,-0.17313349709493625,0.03407021398808685,-0.09183349627433061,0.03937030454587571,0.3381558310221917,0.17700277861026567,0.37132867187391627,0.33784792981507744,0.30232765380145443,-0.01526164560909823,-0.12176068674742746,-0.053159375795851185,0.034550479538475294,0.06593387755041855,-0.09361874756048968,-0.17088691801542283,-0.1454997949051646,-0.03718686193993123,0.12201047315197824,0.24168570039964998,0.2341499819098054,0.027697548119131415,0.22564387582464596,-0.1427264959485909
Physical environment score,-0.041048389202470455,0.025812633390657456,0.26133420485646003,0.01743248013968591,-0.025658519464746322,0.08736666057349421,0.06276163340632211,-0.0010911871320736003,-0.1473349451857416,0.12650800773122298,0.08453870798516286,0.07284125738325486,0.11300216734232178,-0.0791016716113996,-0.12593816027605992,-0.21673936726857454,0.22876217781251312,0.021519205998074827,0.1605177591474526,-0.226550772958653,-0.006131700920892679,-0.027300232823717258,0.0012095918296957566,0.10516206042379993,-0.021448922849950078,0.15147117657623263,0.11186913419860227,0.2636741679836469,0.011746458067853906,-0.10076891554608006,-0.02252273336405694,0.05678671606143648,0.17772652543466222,0.0035131558796443843,0.0705525688887241,-0.03014089623739773,0.10352792813180459,0.08125097720939971,0.09785916308562578,0.42068914660513196,0.20266868434191598,0.18927776659819515,0.14663336130247404,-0.002387164068190801,-0.16075013425748774,0.03233549688380913,-0.0699460070499338,-0.06387597715556222,-0.04359986985927107,0.10735450031308486,-0.035542347153477524,-0.20989966318782827,0.078527857116028,0.0401260177236115,0.21304583650403097,0.06398205140757265,-0.016062712862443727,0.15976934492266795,-0.03224803423278467,0.08208137855765778,0.11565677657270815,-0.1749984773820854,0.2566786959512834
